<?xml version = '1.0' encoding = 'UTF-8'?>
<FKIndexAssociation class="oracle.dbtools.crest.model.design.relational.FKIndexAssociation" directorySegmentName="seg_0" id="3D1BB43C-E064-C2D1-537F-399502B0F927" containerWithKeyObject="7064E3E3-29B7-1647-DD04-DC0A2A876AD5" localFKIndex="913BA424-6BAA-E453-2D0B-F41F25C9FBD8" name="Commande_Produit_FK">
<createdBy>ngngs</createdBy>
<createdTime>2025-05-07 21:57:13 UTC</createdTime>
<generatorID>9E2CFC30-304A-89F4-8D1F-5418D57AF906</generatorID>
<ownerDesignName>TP2</ownerDesignName>
<referredTableLongName>Produit</referredTableLongName>
<deleteRule>NO ACTION</deleteRule>
<referredTableID>CC1B84AD-A1F9-6044-2AD6-ED055DE257CF</referredTableID>
<keyObject>94B28C2D-3323-2036-4D77-FB635911A08A</keyObject>
<referredKeyID>94B28C2D-3323-2036-4D77-FB635911A08A</referredKeyID>
<mandatory>true</mandatory>
<refColNames>id_produit</refColNames>
<transferable>true</transferable>
<rely>false</rely>
<columnDependencyConstraintGenerateInDDL>true</columnDependencyConstraintGenerateInDDL>
</FKIndexAssociation>