<?xml version = '1.0' encoding = 'UTF-8'?>
<FKIndexAssociation class="oracle.dbtools.crest.model.design.relational.FKIndexAssociation" directorySegmentName="seg_0" id="4BCD2950-FC7D-6CF8-87A1-F5895459DA94" containerWithKeyObject="64499B95-F9C5-237B-4038-3438EDAE1CE6" localFKIndex="20C2383D-B76B-9936-66C3-9F0021098597" name="Panier_Commande_FK">
<createdBy>ngngs</createdBy>
<createdTime>2025-05-07 21:57:13 UTC</createdTime>
<generatorID>6B3D16E2-D3F6-D053-A504-E53D8DE79E96</generatorID>
<ownerDesignName>TP2</ownerDesignName>
<referredTableLongName>Commande</referredTableLongName>
<deleteRule>NO ACTION</deleteRule>
<referredTableID>7064E3E3-29B7-1647-DD04-DC0A2A876AD5</referredTableID>
<keyObject>8FEAEA80-4ED0-891D-26A0-27267BF7D07F</keyObject>
<referredKeyID>8FEAEA80-4ED0-891D-26A0-27267BF7D07F</referredKeyID>
<mandatory>true</mandatory>
<refColNames>id_commande</refColNames>
<transferable>true</transferable>
<rely>false</rely>
<columnDependencyConstraintGenerateInDDL>true</columnDependencyConstraintGenerateInDDL>
</FKIndexAssociation>