<?xml version = '1.0' encoding = 'UTF-8'?>
<FKIndexAssociation class="oracle.dbtools.crest.model.design.relational.FKIndexAssociation" directorySegmentName="seg_0" id="F5D3BBDF-3453-3CDA-72F4-43B92AE796B3" containerWithKeyObject="64499B95-F9C5-237B-4038-3438EDAE1CE6" localFKIndex="14ECEDF7-EC85-490E-CFFC-1F18FACD5155" name="Panier_Client_FK">
<createdBy>ngngs</createdBy>
<createdTime>2025-05-07 21:57:13 UTC</createdTime>
<generatorID>E0903CA8-CB12-18F1-EBF9-84A61B400E8B</generatorID>
<ownerDesignName>TP2</ownerDesignName>
<referredTableLongName>Client</referredTableLongName>
<deleteRule>NO ACTION</deleteRule>
<referredTableID>31EBC0D7-D058-B6CD-1536-94BD75881FA8</referredTableID>
<keyObject>0728B8DF-6E3C-00CB-10E0-E9C88C4FF10E</keyObject>
<referredKeyID>0728B8DF-6E3C-00CB-10E0-E9C88C4FF10E</referredKeyID>
<mandatory>true</mandatory>
<refColNames>id_client</refColNames>
<transferable>true</transferable>
<rely>false</rely>
<columnDependencyConstraintGenerateInDDL>true</columnDependencyConstraintGenerateInDDL>
</FKIndexAssociation>