<?xml version = '1.0' encoding = 'UTF-8'?>
<FKIndexAssociation class="oracle.dbtools.crest.model.design.relational.FKIndexAssociation" directorySegmentName="seg_0" id="F70D39FD-8ADC-6AAB-75E8-C7DEBD51071D" containerWithKeyObject="7064E3E3-29B7-1647-DD04-DC0A2A876AD5" localFKIndex="7F672DD7-FAD0-9FFF-C25E-B46DACDF9C10" name="Commande_Client_FK">
<createdBy>ngngs</createdBy>
<createdTime>2025-05-07 21:57:13 UTC</createdTime>
<generatorID>4A3DBCC5-5BA0-1141-23AA-D1240D65A85C</generatorID>
<ownerDesignName>TP2</ownerDesignName>
<referredTableLongName>Client</referredTableLongName>
<deleteRule>NO ACTION</deleteRule>
<referredTableID>31EBC0D7-D058-B6CD-1536-94BD75881FA8</referredTableID>
<keyObject>0728B8DF-6E3C-00CB-10E0-E9C88C4FF10E</keyObject>
<referredKeyID>0728B8DF-6E3C-00CB-10E0-E9C88C4FF10E</referredKeyID>
<mandatory>true</mandatory>
<refColNames>id_client</refColNames>
<transferable>true</transferable>
<rely>false</rely>
<columnDependencyConstraintGenerateInDDL>true</columnDependencyConstraintGenerateInDDL>
</FKIndexAssociation>