<?xml version = '1.0' encoding = 'UTF-8'?>
<Diagram class="oracle.dbtools.crest.swingui.logical.DPVLogical" name="Logical" id="58F745AA-783C-F460-634F-6252157ADFEE">
<createdBy>ngngs</createdBy>
<modifiedBy>ngngs</modifiedBy>
<createdTime>2025-05-07 21:26:42 UTC</createdTime>
<autoRoute>false</autoRoute>
<boxInbox>true</boxInbox>
<showLegend>false</showLegend>
<showLabels>true</showLabels>
<showRelAttributes>false</showRelAttributes>
<gridEnabled>false</gridEnabled>
<showGrid>false</showGrid>
<diagramColor>-1</diagramColor>
<display>false</display>
<notation>1</notation>
<objectViews>
<OView class="oracle.dbtools.crest.swingui.logical.TVEntity" oid="5B1B351B-D65D-C3C4-DDE8-52B217603C11" otype="Entity" vid="FF101F84-A754-16FD-9FB5-C10E855CDE67">
<hideElementsInCurrentOnly>false</hideElementsInCurrentOnly>
<bounds x="657" y="150" width="140" height="92"/>
</OView>
<OView class="oracle.dbtools.crest.swingui.logical.TVEntity" oid="63E391C3-8432-5BB6-551E-1DA992966F59" otype="Entity" vid="BE1BC656-7CA7-EA0D-7FDD-11BD38D4EA77">
<hideElementsInCurrentOnly>false</hideElementsInCurrentOnly>
<bounds x="395" y="154" width="140" height="80"/>
</OView>
<OView class="oracle.dbtools.crest.swingui.logical.TVEntity" oid="88AF0CCD-E3B0-526C-AA29-8BB21C7A74EA" otype="Entity" vid="2F3D5508-4826-3E92-A137-D16DE263CD2F">
<hideElementsInCurrentOnly>false</hideElementsInCurrentOnly>
<bounds x="123" y="116" width="150" height="94"/>
</OView>
<OView class="oracle.dbtools.crest.swingui.logical.TVEntity" oid="D0925721-7590-180D-F416-61A0896D92AF" otype="Entity" vid="5DB4F983-8F93-EB1C-9D7E-2ED5F90D1FC3">
<hideElementsInCurrentOnly>false</hideElementsInCurrentOnly>
<bounds x="166" y="337" width="148" height="81"/>
</OView>
</objectViews>
<connectors>
<Connector class="oracle.dbtools.crest.swingui.logical.TVRelation" oid="4A3DBCC5-5BA0-1141-23AA-D1240D65A85C" otype="Relation" vid_source="2F3D5508-4826-3E92-A137-D16DE263CD2F" vid_target="BE1BC656-7CA7-EA0D-7FDD-11BD38D4EA77">
<hideElementsInCurrentOnly>false</hideElementsInCurrentOnly>
<backgroundColor>-16777216</backgroundColor>
<lineWidth>1</lineWidth>
<sourceLabel class="oracle.dbtools.crest.model.design.Label">
<site>0</site>
<labelBounds x="283" y="152" width="33" height="30"/>
<noBackgroundColor>true</noBackgroundColor>
<noForegroundColor>true</noForegroundColor>
</sourceLabel>
<targetLabel class="oracle.dbtools.crest.model.design.Label">
<site>2</site>
<labelBounds x="346" y="185" width="43" height="30"/>
<noBackgroundColor>true</noBackgroundColor>
<noForegroundColor>true</noForegroundColor>
</targetLabel>
<points>
<point x="273" y="182"/>
<point x="395" y="182"/>
</points>
</Connector>
<Connector class="oracle.dbtools.crest.swingui.logical.TVRelation" oid="6B3D16E2-D3F6-D053-A504-E53D8DE79E96" otype="Relation" vid_source="BE1BC656-7CA7-EA0D-7FDD-11BD38D4EA77" vid_target="5DB4F983-8F93-EB1C-9D7E-2ED5F90D1FC3">
<hideElementsInCurrentOnly>false</hideElementsInCurrentOnly>
<backgroundColor>-16777216</backgroundColor>
<lineWidth>1</lineWidth>
<sourceLabel class="oracle.dbtools.crest.model.design.Label">
<site>0</site>
<labelBounds x="415" y="270" width="45" height="30"/>
<noBackgroundColor>true</noBackgroundColor>
<noForegroundColor>true</noForegroundColor>
</sourceLabel>
<targetLabel class="oracle.dbtools.crest.model.design.Label">
<site>2</site>
<labelBounds x="289" y="301" width="48" height="30"/>
<noBackgroundColor>true</noBackgroundColor>
<noForegroundColor>true</noForegroundColor>
</targetLabel>
<points>
<point x="415" y="234"/>
<point x="289" y="337"/>
</points>
</Connector>
<Connector class="oracle.dbtools.crest.swingui.logical.TVRelation" oid="9E2CFC30-304A-89F4-8D1F-5418D57AF906" otype="Relation" vid_source="FF101F84-A754-16FD-9FB5-C10E855CDE67" vid_target="BE1BC656-7CA7-EA0D-7FDD-11BD38D4EA77">
<hideElementsInCurrentOnly>false</hideElementsInCurrentOnly>
<backgroundColor>-16777216</backgroundColor>
<lineWidth>1</lineWidth>
<sourceLabel class="oracle.dbtools.crest.model.design.Label">
<site>0</site>
<labelBounds x="606" y="164" width="45" height="30"/>
<noBackgroundColor>true</noBackgroundColor>
<noForegroundColor>true</noForegroundColor>
</sourceLabel>
<targetLabel class="oracle.dbtools.crest.model.design.Label">
<site>2</site>
<labelBounds x="545" y="197" width="53" height="30"/>
<noBackgroundColor>true</noBackgroundColor>
<noForegroundColor>true</noForegroundColor>
</targetLabel>
<points>
<point x="657" y="194"/>
<point x="535" y="194"/>
</points>
</Connector>
<Connector class="oracle.dbtools.crest.swingui.logical.TVRelation" oid="E0903CA8-CB12-18F1-EBF9-84A61B400E8B" otype="Relation" vid_source="2F3D5508-4826-3E92-A137-D16DE263CD2F" vid_target="5DB4F983-8F93-EB1C-9D7E-2ED5F90D1FC3">
<hideElementsInCurrentOnly>false</hideElementsInCurrentOnly>
<backgroundColor>-16777216</backgroundColor>
<lineWidth>1</lineWidth>
<sourceLabel class="oracle.dbtools.crest.model.design.Label">
<site>0</site>
<labelBounds x="219" y="254" width="45" height="30"/>
<noBackgroundColor>true</noBackgroundColor>
<noForegroundColor>true</noForegroundColor>
</sourceLabel>
<targetLabel class="oracle.dbtools.crest.model.design.Label">
<site>2</site>
<labelBounds x="219" y="293" width="63" height="30"/>
<noBackgroundColor>true</noBackgroundColor>
<noForegroundColor>true</noForegroundColor>
</targetLabel>
<points>
<point x="219" y="210"/>
<point x="219" y="337"/>
</points>
</Connector>
</connectors>
</Diagram>