<?xml version = '1.0' encoding = 'UTF-8'?>
<Table class="oracle.dbtools.crest.model.design.relational.Table" directorySegmentName="seg_0" id="31EBC0D7-D058-B6CD-1536-94BD75881FA8" name="Client">
<createdBy>ngngs</createdBy>
<createdTime>2025-05-07 21:57:13 UTC</createdTime>
<generatorID>88AF0CCD-E3B0-526C-AA29-8BB21C7A74EA</generatorID>
<ownerDesignName>TP2</ownerDesignName>
<allowColumnReorder>false</allowColumnReorder>
<existDependencyGenerateInDDl>true</existDependencyGenerateInDDl>
<parsed>true</parsed>
<columns itemClass="oracle.dbtools.crest.model.design.relational.Column">
<Column name="id_client" id="561E28EF-F018-C379-CA97-123072166310">
<createdBy>ngngs</createdBy>
<createdTime>2025-05-07 21:57:13 UTC</createdTime>
<generatorID>6D96A05C-0ED9-3F8C-F147-3E361A54AEC2</generatorID>
<ownerDesignName>TP2</ownerDesignName>
<useDomainConstraints>false</useDomainConstraints>
<use>1</use>
<logicalDatatype>LOGDT019</logicalDatatype>
<ownDataTypeParameters>,,</ownDataTypeParameters>
<autoIncrementColumn>true</autoIncrementColumn>
<identityColumn>true</identityColumn>
<autoIncrementCycle>false</autoIncrementCycle>
</Column>
<Column name="nom" id="7D61EE2E-FBCB-FD9E-04BB-AE17AC01000C">
<createdBy>ngngs</createdBy>
<createdTime>2025-05-07 21:57:13 UTC</createdTime>
<generatorID>0762CB91-1F07-3302-2E8A-DCEDC5460AEA</generatorID>
<ownerDesignName>TP2</ownerDesignName>
<useDomainConstraints>false</useDomainConstraints>
<use>1</use>
<logicalDatatype>LOGDT024</logicalDatatype>
<dataTypeSize>255</dataTypeSize>
<ownDataTypeParameters>255,,</ownDataTypeParameters>
<autoIncrementCycle>false</autoIncrementCycle>
</Column>
<Column name="email" id="44DEBCDF-B557-5036-64A0-EEECE6CFE830">
<createdBy>ngngs</createdBy>
<createdTime>2025-05-07 21:57:13 UTC</createdTime>
<generatorID>3BB1C264-8FAB-E219-5E56-832323C8CADD</generatorID>
<ownerDesignName>TP2</ownerDesignName>
<useDomainConstraints>false</useDomainConstraints>
<use>1</use>
<logicalDatatype>LOGDT024</logicalDatatype>
<dataTypeSize>255</dataTypeSize>
<ownDataTypeParameters>255,,</ownDataTypeParameters>
<autoIncrementCycle>false</autoIncrementCycle>
</Column>
</columns>
<indexes itemClass="oracle.dbtools.crest.model.design.relational.Index">
<ind_PK_UK id="0728B8DF-6E3C-00CB-10E0-E9C88C4FF10E" name="Client_PK">
<createdBy>ngngs</createdBy>
<createdTime>2025-05-07 21:57:13 UTC</createdTime>
<generatorID>3B1723FD-2F3D-C791-8D8F-593355B5510A</generatorID>
<ownerDesignName>TP2</ownerDesignName>
<pk>true</pk>
<indexState>Primary Constraint</indexState>
<isSurrogateKey>false</isSurrogateKey>
<indexColumnUsage>
<colUsage columnID="561E28EF-F018-C379-CA97-123072166310"/>
</indexColumnUsage>
</ind_PK_UK>
</indexes>
</Table>