<?xml version = '1.0' encoding = 'UTF-8'?>
<Table class="oracle.dbtools.crest.model.design.relational.Table" directorySegmentName="seg_0" id="64499B95-F9C5-237B-4038-3438EDAE1CE6" name="Panier">
<createdBy>ngngs</createdBy>
<createdTime>2025-05-07 21:57:13 UTC</createdTime>
<generatorID>D0925721-7590-180D-F416-61A0896D92AF</generatorID>
<ownerDesignName>TP2</ownerDesignName>
<allowColumnReorder>false</allowColumnReorder>
<existDependencyGenerateInDDl>true</existDependencyGenerateInDDl>
<parsed>true</parsed>
<columns itemClass="oracle.dbtools.crest.model.design.relational.Column">
<Column name="id_panier" id="887CE927-9B31-0DC7-40B0-3857B2FEA1F7">
<createdBy>ngngs</createdBy>
<createdTime>2025-05-07 21:57:13 UTC</createdTime>
<generatorID>D1C85419-94DF-10EF-836A-497B0C098A42</generatorID>
<ownerDesignName>TP2</ownerDesignName>
<useDomainConstraints>false</useDomainConstraints>
<use>1</use>
<logicalDatatype>LOGDT019</logicalDatatype>
<ownDataTypeParameters>,,</ownDataTypeParameters>
<autoIncrementColumn>true</autoIncrementColumn>
<identityColumn>true</identityColumn>
<autoIncrementCycle>false</autoIncrementCycle>
</Column>
<Column name="Quantite" id="FC487CC8-B1D3-ADA7-AF2F-90E5C4410194">
<createdBy>ngngs</createdBy>
<createdTime>2025-05-07 21:57:13 UTC</createdTime>
<generatorID>4D174F65-6DFF-B29D-39CE-070A6DF3E76F</generatorID>
<ownerDesignName>TP2</ownerDesignName>
<useDomainConstraints>false</useDomainConstraints>
<use>1</use>
<logicalDatatype>LOGDT011</logicalDatatype>
<ownDataTypeParameters>,,</ownDataTypeParameters>
<autoIncrementCycle>false</autoIncrementCycle>
</Column>
<Column name="Client_id_client" id="63002B55-8135-3A9E-6327-A9A7C09D109C">
<createdBy>ngngs</createdBy>
<createdTime>2025-05-07 21:57:13 UTC</createdTime>
<generatorID>2129D415-26D6-8728-6680-D3F3EF446069</generatorID>
<ownerDesignName>TP2</ownerDesignName>
<useDomainConstraints>false</useDomainConstraints>
<use>1</use>
<logicalDatatype>LOGDT019</logicalDatatype>
<ownDataTypeParameters>,,</ownDataTypeParameters>
<previousColumn>false</previousColumn>
<autoIncrementCycle>false</autoIncrementCycle>
<associations>
<colAssociation fkAssociation="F5D3BBDF-3453-3CDA-72F4-43B92AE796B3" referredColumn="561E28EF-F018-C379-CA97-123072166310"/>
</associations>
</Column>
<Column name="Commande_id_commande" id="01CB7728-A11D-E317-2776-D885786EB2D1">
<createdBy>ngngs</createdBy>
<createdTime>2025-05-07 21:57:13 UTC</createdTime>
<generatorID>F34D353D-6267-A343-5CA7-972B302734F1</generatorID>
<ownerDesignName>TP2</ownerDesignName>
<useDomainConstraints>false</useDomainConstraints>
<use>1</use>
<logicalDatatype>LOGDT019</logicalDatatype>
<ownDataTypeParameters>,,</ownDataTypeParameters>
<previousColumn>false</previousColumn>
<autoIncrementCycle>false</autoIncrementCycle>
<associations>
<colAssociation fkAssociation="4BCD2950-FC7D-6CF8-87A1-F5895459DA94" referredColumn="4B29B6DE-D1E6-D386-84FC-679D3D93287B"/>
</associations>
</Column>
</columns>
<indexes itemClass="oracle.dbtools.crest.model.design.relational.Index">
<ind_PK_UK id="84140E49-CEFE-5B48-DE06-904A1318FDEF" name="Panier_PK">
<createdBy>ngngs</createdBy>
<createdTime>2025-05-07 21:57:13 UTC</createdTime>
<generatorID>AE577F68-5E1B-0F05-1E7A-C21C2539C957</generatorID>
<ownerDesignName>TP2</ownerDesignName>
<pk>true</pk>
<indexState>Primary Constraint</indexState>
<isSurrogateKey>false</isSurrogateKey>
<indexColumnUsage>
<colUsage columnID="887CE927-9B31-0DC7-40B0-3857B2FEA1F7"/>
</indexColumnUsage>
</ind_PK_UK>
<ind_PK_UK id="7A68925D-168E-457B-DD80-2B9F336D2632" name="Panier__IDX">
<createdBy>ngngs</createdBy>
<createdTime>2025-05-07 21:57:13 UTC</createdTime>
<ownerDesignName>TP2</ownerDesignName>
<indexState>Unique Plain Index</indexState>
<isSurrogateKey>false</isSurrogateKey>
<relationGeneratorID>E0903CA8-CB12-18F1-EBF9-84A61B400E8B</relationGeneratorID>
<indexColumnUsage>
<colUsage columnID="63002B55-8135-3A9E-6327-A9A7C09D109C"/>
</indexColumnUsage>
</ind_PK_UK>
<ind_PK_UK id="14ECEDF7-EC85-490E-CFFC-1F18FACD5155" name="Panier_Client_FK">
<createdBy>ngngs</createdBy>
<createdTime>2025-05-07 21:57:13 UTC</createdTime>
<generatorID>E0903CA8-CB12-18F1-EBF9-84A61B400E8B</generatorID>
<ownerDesignName>TP2</ownerDesignName>
<indexState>Foreign Key</indexState>
<isSurrogateKey>false</isSurrogateKey>
<indexColumnUsage>
<colUsage columnID="63002B55-8135-3A9E-6327-A9A7C09D109C"/>
</indexColumnUsage>
</ind_PK_UK>
<ind_PK_UK id="20C2383D-B76B-9936-66C3-9F0021098597" name="Panier_Commande_FK">
<createdBy>ngngs</createdBy>
<createdTime>2025-05-07 21:57:13 UTC</createdTime>
<generatorID>6B3D16E2-D3F6-D053-A504-E53D8DE79E96</generatorID>
<ownerDesignName>TP2</ownerDesignName>
<indexState>Foreign Key</indexState>
<isSurrogateKey>false</isSurrogateKey>
<indexColumnUsage>
<colUsage columnID="01CB7728-A11D-E317-2776-D885786EB2D1"/>
</indexColumnUsage>
</ind_PK_UK>
</indexes>
</Table>