<?xml version = '1.0' encoding = 'UTF-8'?>
<Table class="oracle.dbtools.crest.model.design.relational.Table" directorySegmentName="seg_0" id="7064E3E3-29B7-1647-DD04-DC0A2A876AD5" name="Commande">
<createdBy>ngngs</createdBy>
<createdTime>2025-05-07 21:57:13 UTC</createdTime>
<generatorID>63E391C3-8432-5BB6-551E-1DA992966F59</generatorID>
<ownerDesignName>TP2</ownerDesignName>
<allowColumnReorder>false</allowColumnReorder>
<existDependencyGenerateInDDl>true</existDependencyGenerateInDDl>
<parsed>true</parsed>
<columns itemClass="oracle.dbtools.crest.model.design.relational.Column">
<Column name="id_commande" id="4B29B6DE-D1E6-D386-84FC-679D3D93287B">
<createdBy>ngngs</createdBy>
<createdTime>2025-05-07 21:57:13 UTC</createdTime>
<generatorID>91A694AA-382A-A6C3-0602-9948963031BF</generatorID>
<ownerDesignName>TP2</ownerDesignName>
<useDomainConstraints>false</useDomainConstraints>
<use>1</use>
<logicalDatatype>LOGDT019</logicalDatatype>
<ownDataTypeParameters>,,</ownDataTypeParameters>
<autoIncrementColumn>true</autoIncrementColumn>
<identityColumn>true</identityColumn>
<autoIncrementCycle>false</autoIncrementCycle>
</Column>
<Column name="date_commande" id="D5E618BA-CC9F-5CBC-7B4E-69495A71B660">
<createdBy>ngngs</createdBy>
<createdTime>2025-05-07 21:57:13 UTC</createdTime>
<generatorID>0C6AB0E7-3A66-0DAB-819F-E188E9409509</generatorID>
<ownerDesignName>TP2</ownerDesignName>
<useDomainConstraints>false</useDomainConstraints>
<use>1</use>
<logicalDatatype>LOGDT008</logicalDatatype>
<ownDataTypeParameters>,,</ownDataTypeParameters>
<autoIncrementCycle>false</autoIncrementCycle>
</Column>
<Column name="Quantite" id="A96150FE-1922-C6D6-52D6-501E36DC81CA">
<createdBy>ngngs</createdBy>
<createdTime>2025-05-07 21:57:13 UTC</createdTime>
<generatorID>26B3E47D-B444-8F6D-879E-A5C6A01C8B3C</generatorID>
<ownerDesignName>TP2</ownerDesignName>
<useDomainConstraints>false</useDomainConstraints>
<use>1</use>
<logicalDatatype>LOGDT011</logicalDatatype>
<ownDataTypeParameters>,,</ownDataTypeParameters>
<autoIncrementCycle>false</autoIncrementCycle>
</Column>
<Column name="Prix" id="AAA93540-10A9-13BB-90CF-B73248B60B83">
<createdBy>ngngs</createdBy>
<createdTime>2025-05-07 21:57:13 UTC</createdTime>
<generatorID>FBF67707-AA50-5A1E-7AA6-191EA6E7921C</generatorID>
<ownerDesignName>TP2</ownerDesignName>
<useDomainConstraints>false</useDomainConstraints>
<use>1</use>
<logicalDatatype>LOGDT043</logicalDatatype>
<ownDataTypeParameters>,,</ownDataTypeParameters>
<autoIncrementCycle>false</autoIncrementCycle>
</Column>
<Column name="Client_id_client" id="C18697CC-B7AE-6649-A938-1D18249B12DE">
<createdBy>ngngs</createdBy>
<createdTime>2025-05-07 21:57:13 UTC</createdTime>
<generatorID>F9B39428-0227-B008-7DDC-A327A6E57BBB</generatorID>
<ownerDesignName>TP2</ownerDesignName>
<useDomainConstraints>false</useDomainConstraints>
<use>1</use>
<logicalDatatype>LOGDT019</logicalDatatype>
<ownDataTypeParameters>,,</ownDataTypeParameters>
<previousColumn>false</previousColumn>
<autoIncrementCycle>false</autoIncrementCycle>
<associations>
<colAssociation fkAssociation="F70D39FD-8ADC-6AAB-75E8-C7DEBD51071D" referredColumn="561E28EF-F018-C379-CA97-123072166310"/>
</associations>
</Column>
<Column name="Produit_id_produit" id="876E2577-3D00-7D48-A27A-6021AC359009">
<createdBy>ngngs</createdBy>
<createdTime>2025-05-07 21:57:13 UTC</createdTime>
<generatorID>0872F503-AAC5-EE18-ECCF-370832FA1E95</generatorID>
<ownerDesignName>TP2</ownerDesignName>
<useDomainConstraints>false</useDomainConstraints>
<use>1</use>
<logicalDatatype>LOGDT019</logicalDatatype>
<ownDataTypeParameters>,,</ownDataTypeParameters>
<previousColumn>false</previousColumn>
<autoIncrementCycle>false</autoIncrementCycle>
<associations>
<colAssociation fkAssociation="3D1BB43C-E064-C2D1-537F-399502B0F927" referredColumn="3866BF87-43CE-B780-65A0-C8DFFCB0FFE1"/>
</associations>
</Column>
</columns>
<indexes itemClass="oracle.dbtools.crest.model.design.relational.Index">
<ind_PK_UK id="8FEAEA80-4ED0-891D-26A0-27267BF7D07F" name="Commande_PK">
<createdBy>ngngs</createdBy>
<createdTime>2025-05-07 21:57:13 UTC</createdTime>
<generatorID>871F949B-9FB4-A9A5-1CA6-644A15204174</generatorID>
<ownerDesignName>TP2</ownerDesignName>
<pk>true</pk>
<indexState>Primary Constraint</indexState>
<isSurrogateKey>false</isSurrogateKey>
<indexColumnUsage>
<colUsage columnID="4B29B6DE-D1E6-D386-84FC-679D3D93287B"/>
</indexColumnUsage>
</ind_PK_UK>
<ind_PK_UK id="7F672DD7-FAD0-9FFF-C25E-B46DACDF9C10" name="Commande_Client_FK">
<createdBy>ngngs</createdBy>
<createdTime>2025-05-07 21:57:13 UTC</createdTime>
<generatorID>4A3DBCC5-5BA0-1141-23AA-D1240D65A85C</generatorID>
<ownerDesignName>TP2</ownerDesignName>
<indexState>Foreign Key</indexState>
<isSurrogateKey>false</isSurrogateKey>
<indexColumnUsage>
<colUsage columnID="C18697CC-B7AE-6649-A938-1D18249B12DE"/>
</indexColumnUsage>
</ind_PK_UK>
<ind_PK_UK id="913BA424-6BAA-E453-2D0B-F41F25C9FBD8" name="Commande_Produit_FK">
<createdBy>ngngs</createdBy>
<createdTime>2025-05-07 21:57:13 UTC</createdTime>
<generatorID>9E2CFC30-304A-89F4-8D1F-5418D57AF906</generatorID>
<ownerDesignName>TP2</ownerDesignName>
<indexState>Foreign Key</indexState>
<isSurrogateKey>false</isSurrogateKey>
<indexColumnUsage>
<colUsage columnID="876E2577-3D00-7D48-A27A-6021AC359009"/>
</indexColumnUsage>
</ind_PK_UK>
</indexes>
</Table>