<?xml version = '1.0' encoding = 'UTF-8'?>
<Table class="oracle.dbtools.crest.model.design.relational.Table" directorySegmentName="seg_0" id="CC1B84AD-A1F9-6044-2AD6-ED055DE257CF" name="Produit">
<createdBy>ngngs</createdBy>
<createdTime>2025-05-07 21:57:13 UTC</createdTime>
<generatorID>5B1B351B-D65D-C3C4-DDE8-52B217603C11</generatorID>
<ownerDesignName>TP2</ownerDesignName>
<allowColumnReorder>false</allowColumnReorder>
<existDependencyGenerateInDDl>true</existDependencyGenerateInDDl>
<parsed>true</parsed>
<columns itemClass="oracle.dbtools.crest.model.design.relational.Column">
<Column name="id_produit" id="3866BF87-43CE-B780-65A0-C8DFFCB0FFE1">
<createdBy>ngngs</createdBy>
<createdTime>2025-05-07 21:57:13 UTC</createdTime>
<generatorID>FB671C79-5D05-753C-CA4D-6375B1BAD785</generatorID>
<ownerDesignName>TP2</ownerDesignName>
<useDomainConstraints>false</useDomainConstraints>
<use>1</use>
<logicalDatatype>LOGDT019</logicalDatatype>
<ownDataTypeParameters>,,</ownDataTypeParameters>
<autoIncrementColumn>true</autoIncrementColumn>
<identityColumn>true</identityColumn>
<autoIncrementCycle>false</autoIncrementCycle>
</Column>
<Column name="nom" id="CB1829D2-DC5F-9EEB-70EC-C9B758E891B3">
<createdBy>ngngs</createdBy>
<createdTime>2025-05-07 21:57:13 UTC</createdTime>
<generatorID>FA4D2B21-5D25-1F9C-5EC6-AA302CE2B24E</generatorID>
<ownerDesignName>TP2</ownerDesignName>
<useDomainConstraints>false</useDomainConstraints>
<use>1</use>
<ownDataTypeParameters>,,</ownDataTypeParameters>
<autoIncrementCycle>false</autoIncrementCycle>
</Column>
<Column name="taille" id="ACFD94C3-DDD6-6AA0-FE17-7C4FD7D24831">
<createdBy>ngngs</createdBy>
<createdTime>2025-05-07 21:57:13 UTC</createdTime>
<generatorID>06AA9BB5-875A-9794-77D1-97275277906B</generatorID>
<ownerDesignName>TP2</ownerDesignName>
<useDomainConstraints>false</useDomainConstraints>
<use>1</use>
<logicalDatatype>LOGDT011</logicalDatatype>
<ownDataTypeParameters>,,</ownDataTypeParameters>
<autoIncrementCycle>false</autoIncrementCycle>
</Column>
<Column name="Prix_Unitaire" id="1234DD0A-D911-4293-C8AF-BE25C2BA2CD4">
<createdBy>ngngs</createdBy>
<createdTime>2025-05-07 21:57:13 UTC</createdTime>
<generatorID>5ABC2EB1-9697-AD2C-D4C9-DACB52C7D79A</generatorID>
<ownerDesignName>TP2</ownerDesignName>
<useDomainConstraints>false</useDomainConstraints>
<use>1</use>
<logicalDatatype>LOGDT043</logicalDatatype>
<ownDataTypeParameters>,,</ownDataTypeParameters>
<autoIncrementCycle>false</autoIncrementCycle>
</Column>
<Column name="Stock" id="8A88B61B-F788-1D90-D438-67353FBC1D05">
<createdBy>ngngs</createdBy>
<createdTime>2025-05-07 21:57:13 UTC</createdTime>
<generatorID>2A56CEFB-6BBA-FED3-409E-A5C16546DDAA</generatorID>
<ownerDesignName>TP2</ownerDesignName>
<useDomainConstraints>false</useDomainConstraints>
<use>1</use>
<logicalDatatype>LOGDT011</logicalDatatype>
<ownDataTypeParameters>,,</ownDataTypeParameters>
<autoIncrementCycle>false</autoIncrementCycle>
</Column>
<Column name="Categorie" id="5B47AEC0-6DCC-BEBB-3AFB-D379F0C34EA2">
<createdBy>ngngs</createdBy>
<createdTime>2025-05-07 21:57:13 UTC</createdTime>
<generatorID>CC8391EE-31C3-6148-5DA6-E811F3FF08E4</generatorID>
<ownerDesignName>TP2</ownerDesignName>
<useDomainConstraints>false</useDomainConstraints>
<use>1</use>
<logicalDatatype>LOGDT024</logicalDatatype>
<dataTypeSize>255</dataTypeSize>
<ownDataTypeParameters>255,,</ownDataTypeParameters>
<autoIncrementCycle>false</autoIncrementCycle>
</Column>
</columns>
<indexes itemClass="oracle.dbtools.crest.model.design.relational.Index">
<ind_PK_UK id="94B28C2D-3323-2036-4D77-FB635911A08A" name="Produit_PK">
<createdBy>ngngs</createdBy>
<createdTime>2025-05-07 21:57:13 UTC</createdTime>
<generatorID>35A8D51F-91FA-587D-BE2F-DEF26546AF72</generatorID>
<ownerDesignName>TP2</ownerDesignName>
<pk>true</pk>
<indexState>Primary Constraint</indexState>
<isSurrogateKey>false</isSurrogateKey>
<indexColumnUsage>
<colUsage columnID="3866BF87-43CE-B780-65A0-C8DFFCB0FFE1"/>
</indexColumnUsage>
</ind_PK_UK>
</indexes>
</Table>