<?xml version = '1.0' encoding = 'UTF-8'?>
<Diagram class="oracle.dbtools.crest.swingui.relational.DPVRelational" name="Relational_1" id="94CD95CA-71ED-FE15-9E56-81293FCC2B83">
<createdBy>ngngs</createdBy>
<modifiedBy>ngngs</modifiedBy>
<createdTime>2025-05-07 21:54:47 UTC</createdTime>
<autoRoute>false</autoRoute>
<boxInbox>true</boxInbox>
<showLegend>false</showLegend>
<showLabels>false</showLabels>
<showRelAttributes>false</showRelAttributes>
<gridEnabled>false</gridEnabled>
<showGrid>false</showGrid>
<diagramColor>-1</diagramColor>
<display>false</display>
<notation>1</notation>
<objectViews>
<OView class="oracle.dbtools.crest.swingui.relational.TVTable" oid="31EBC0D7-D058-B6CD-1536-94BD75881FA8" otype="Table" vid="85277F2B-1DF4-5E98-9423-E33F6E984D6D">
<hideElementsInCurrentOnly>false</hideElementsInCurrentOnly>
<bounds x="84" y="64" width="222" height="152"/>
</OView>
<OView class="oracle.dbtools.crest.swingui.relational.TVTable" oid="64499B95-F9C5-237B-4038-3438EDAE1CE6" otype="Table" vid="782864DF-9E69-3B74-7F99-505A4A329CCA">
<hideElementsInCurrentOnly>false</hideElementsInCurrentOnly>
<bounds x="80" y="333" width="262" height="161"/>
</OView>
<OView class="oracle.dbtools.crest.swingui.relational.TVTable" oid="7064E3E3-29B7-1647-DD04-DC0A2A876AD5" otype="Table" vid="7F37B8B8-0582-F026-D10D-75B46D156B9B">
<hideElementsInCurrentOnly>false</hideElementsInCurrentOnly>
<bounds x="395" y="154" width="218" height="199"/>
</OView>
<OView class="oracle.dbtools.crest.swingui.relational.TVTable" oid="CC1B84AD-A1F9-6044-2AD6-ED055DE257CF" otype="Table" vid="F57A70E2-5CD2-26C1-25E7-4643BEE0E451">
<hideElementsInCurrentOnly>false</hideElementsInCurrentOnly>
<bounds x="657" y="150" width="220" height="134"/>
</OView>
</objectViews>
<connectors>
<Connector class="oracle.dbtools.crest.swingui.relational.TVFKRelation" oid="3D1BB43C-E064-C2D1-537F-399502B0F927" otype="FKIndexAssociation" vid_source="F57A70E2-5CD2-26C1-25E7-4643BEE0E451" vid_target="7F37B8B8-0582-F026-D10D-75B46D156B9B">
<hideElementsInCurrentOnly>false</hideElementsInCurrentOnly>
<backgroundColor>-16777216</backgroundColor>
<lineWidth>1</lineWidth>
<points>
<point x="657" y="219"/>
<point x="613" y="219"/>
</points>
</Connector>
<Connector class="oracle.dbtools.crest.swingui.relational.TVFKRelation" oid="4BCD2950-FC7D-6CF8-87A1-F5895459DA94" otype="FKIndexAssociation" vid_source="7F37B8B8-0582-F026-D10D-75B46D156B9B" vid_target="782864DF-9E69-3B74-7F99-505A4A329CCA">
<hideElementsInCurrentOnly>false</hideElementsInCurrentOnly>
<backgroundColor>-16777216</backgroundColor>
<lineWidth>1</lineWidth>
<points>
<point x="395" y="343"/>
<point x="342" y="343"/>
</points>
</Connector>
<Connector class="oracle.dbtools.crest.swingui.relational.TVFKRelation" oid="F5D3BBDF-3453-3CDA-72F4-43B92AE796B3" otype="FKIndexAssociation" vid_source="85277F2B-1DF4-5E98-9423-E33F6E984D6D" vid_target="782864DF-9E69-3B74-7F99-505A4A329CCA">
<hideElementsInCurrentOnly>false</hideElementsInCurrentOnly>
<backgroundColor>-16777216</backgroundColor>
<lineWidth>1</lineWidth>
<points>
<point x="195" y="216"/>
<point x="195" y="333"/>
</points>
</Connector>
<Connector class="oracle.dbtools.crest.swingui.relational.TVFKRelation" oid="F70D39FD-8ADC-6AAB-75E8-C7DEBD51071D" otype="FKIndexAssociation" vid_source="85277F2B-1DF4-5E98-9423-E33F6E984D6D" vid_target="7F37B8B8-0582-F026-D10D-75B46D156B9B">
<hideElementsInCurrentOnly>false</hideElementsInCurrentOnly>
<backgroundColor>-16777216</backgroundColor>
<lineWidth>1</lineWidth>
<points>
<point x="306" y="185"/>
<point x="395" y="185"/>
</points>
</Connector>
</connectors>
</Diagram>