<?xml version = '1.0' encoding = 'UTF-8'?>
<Relation class="oracle.dbtools.crest.model.design.logical.Relation" name="Relation_1" directorySegmentName="seg_0" id="4A3DBCC5-5BA0-1141-23AA-D1240D65A85C">
<createdBy>ngngs</createdBy>
<createdTime>2025-05-07 21:32:22 UTC</createdTime>
<ownerDesignName>TP2</ownerDesignName>
<engineerTo>
<item key="FBD27923-5137-9763-F975-982D7F5E5C15" value="true"/>
</engineerTo>
<sourcePk>3B1723FD-2F3D-C791-8D8F-593355B5510A</sourcePk>
<identifying>false</identifying>
<nameOnSource>Fait</nameOnSource>
<nameOnTarget>Prend</nameOnTarget>
<optionalSource>true</optionalSource>
<optionalTarget>false</optionalTarget>
<sourceCardinality>1</sourceCardinality>
<sourceEntity>88AF0CCD-E3B0-526C-AA29-8BB21C7A74EA</sourceEntity>
<targetCardinalityString>*</targetCardinalityString>
<targetEntity>63E391C3-8432-5BB6-551E-1DA992966F59</targetEntity>
<transferable>true</transferable>
<deleteRule>NO ACTION</deleteRule>
</Relation>