<?xml version = '1.0' encoding = 'UTF-8'?>
<Relation class="oracle.dbtools.crest.model.design.logical.Relation" name="Relation_5" directorySegmentName="seg_0" id="6B3D16E2-D3F6-D053-A504-E53D8DE79E96">
<createdBy>ngngs</createdBy>
<createdTime>2025-05-07 21:34:17 UTC</createdTime>
<ownerDesignName>TP2</ownerDesignName>
<engineerTo>
<item key="FBD27923-5137-9763-F975-982D7F5E5C15" value="true"/>
</engineerTo>
<sourcePk>871F949B-9FB4-A9A5-1CA6-644A15204174</sourcePk>
<identifying>false</identifying>
<nameOnSource>donne</nameOnSource>
<nameOnTarget>prenne</nameOnTarget>
<optionalSource>true</optionalSource>
<optionalTarget>false</optionalTarget>
<sourceCardinality>1</sourceCardinality>
<sourceEntity>63E391C3-8432-5BB6-551E-1DA992966F59</sourceEntity>
<targetCardinalityString>*</targetCardinalityString>
<targetEntity>D0925721-7590-180D-F416-61A0896D92AF</targetEntity>
<transferable>true</transferable>
<deleteRule>NO ACTION</deleteRule>
</Relation>