<?xml version = '1.0' encoding = 'UTF-8'?>
<Relation class="oracle.dbtools.crest.model.design.logical.Relation" name="Relation_3" directorySegmentName="seg_0" id="9E2CFC30-304A-89F4-8D1F-5418D57AF906">
<createdBy>ngngs</createdBy>
<createdTime>2025-05-07 21:33:24 UTC</createdTime>
<ownerDesignName>TP2</ownerDesignName>
<engineerTo>
<item key="FBD27923-5137-9763-F975-982D7F5E5C15" value="true"/>
</engineerTo>
<sourcePk>35A8D51F-91FA-587D-BE2F-DEF26546AF72</sourcePk>
<identifying>false</identifying>
<nameOnSource>donne</nameOnSource>
<nameOnTarget>possede</nameOnTarget>
<optionalSource>true</optionalSource>
<optionalTarget>false</optionalTarget>
<sourceCardinality>1</sourceCardinality>
<sourceEntity>5B1B351B-D65D-C3C4-DDE8-52B217603C11</sourceEntity>
<targetCardinalityString>*</targetCardinalityString>
<targetEntity>63E391C3-8432-5BB6-551E-1DA992966F59</targetEntity>
<transferable>true</transferable>
<deleteRule>NO ACTION</deleteRule>
</Relation>