<?xml version = '1.0' encoding = 'UTF-8'?>
<Relation class="oracle.dbtools.crest.model.design.logical.Relation" name="Relation_4" directorySegmentName="seg_0" id="E0903CA8-CB12-18F1-EBF9-84A61B400E8B">
<createdBy>ngngs</createdBy>
<createdTime>2025-05-07 21:33:40 UTC</createdTime>
<ownerDesignName>TP2</ownerDesignName>
<engineerTo>
<item key="FBD27923-5137-9763-F975-982D7F5E5C15" value="true"/>
</engineerTo>
<sourcePk>3B1723FD-2F3D-C791-8D8F-593355B5510A</sourcePk>
<identifying>false</identifying>
<nameOnSource>donne</nameOnSource>
<nameOnTarget>comprend</nameOnTarget>
<optionalSource>true</optionalSource>
<optionalTarget>false</optionalTarget>
<sourceCardinality>1</sourceCardinality>
<sourceEntity>88AF0CCD-E3B0-526C-AA29-8BB21C7A74EA</sourceEntity>
<targetCardinalityString>1</targetCardinalityString>
<targetEntity>D0925721-7590-180D-F416-61A0896D92AF</targetEntity>
<transferable>true</transferable>
<deleteRule>NO ACTION</deleteRule>
</Relation>