<?xml version = '1.0' encoding = 'UTF-8'?>
<Entity class="oracle.dbtools.crest.model.design.logical.Entity" directorySegmentName="seg_0" id="5B1B351B-D65D-C3C4-DDE8-52B217603C11" name="Produit">
<createdBy>ngngs</createdBy>
<createdTime>2025-05-07 21:30:10 UTC</createdTime>
<ownerDesignName>TP2</ownerDesignName>
<engineerTo>
<item key="FBD27923-5137-9763-F975-982D7F5E5C15" value="true"/>
</engineerTo>
<adequatelyNormalized>NO</adequatelyNormalized>
<expectedVolumes>0</expectedVolumes>
<fwdEngineeringStrategyName>Single Table</fwdEngineeringStrategyName>
<growthPercent>0</growthPercent>
<growthType>Year</growthType>
<maxVolumes>9999999</maxVolumes>
<minVolumes>0</minVolumes>
<normalForm>Third</normalForm>
<attributes itemClass="oracle.dbtools.crest.model.design.logical.Attribute">
<Attribute name="id_produit" id="FB671C79-5D05-753C-CA4D-6375B1BAD785">
<createdBy>ngngs</createdBy>
<createdTime>2025-05-07 21:30:17 UTC</createdTime>
<ownerDesignName>TP2</ownerDesignName>
<engineerTo>
<item key="FBD27923-5137-9763-F975-982D7F5E5C15" value="true"/>
</engineerTo>
<useDomainConstraints>false</useDomainConstraints>
<use>1</use>
<logicalDatatype>LOGDT019</logicalDatatype>
<ownDataTypeParameters>,,</ownDataTypeParameters>
</Attribute>
<Attribute name="nom" id="FA4D2B21-5D25-1F9C-5EC6-AA302CE2B24E">
<createdBy>ngngs</createdBy>
<createdTime>2025-05-07 21:30:17 UTC</createdTime>
<ownerDesignName>TP2</ownerDesignName>
<engineerTo>
<item key="FBD27923-5137-9763-F975-982D7F5E5C15" value="true"/>
</engineerTo>
<useDomainConstraints>false</useDomainConstraints>
<use>1</use>
<ownDataTypeParameters>,,</ownDataTypeParameters>
</Attribute>
<Attribute name="taille" id="06AA9BB5-875A-9794-77D1-97275277906B">
<createdBy>ngngs</createdBy>
<createdTime>2025-05-07 21:30:17 UTC</createdTime>
<ownerDesignName>TP2</ownerDesignName>
<engineerTo>
<item key="FBD27923-5137-9763-F975-982D7F5E5C15" value="true"/>
</engineerTo>
<useDomainConstraints>false</useDomainConstraints>
<use>1</use>
<logicalDatatype>LOGDT011</logicalDatatype>
<ownDataTypeParameters>,,</ownDataTypeParameters>
</Attribute>
<Attribute name="Prix_Unitaire" id="5ABC2EB1-9697-AD2C-D4C9-DACB52C7D79A">
<createdBy>ngngs</createdBy>
<createdTime>2025-05-07 21:30:18 UTC</createdTime>
<ownerDesignName>TP2</ownerDesignName>
<engineerTo>
<item key="FBD27923-5137-9763-F975-982D7F5E5C15" value="true"/>
</engineerTo>
<useDomainConstraints>false</useDomainConstraints>
<use>1</use>
<logicalDatatype>LOGDT043</logicalDatatype>
<ownDataTypeParameters>,,</ownDataTypeParameters>
</Attribute>
<Attribute name="Stock" id="2A56CEFB-6BBA-FED3-409E-A5C16546DDAA">
<createdBy>ngngs</createdBy>
<createdTime>2025-05-07 21:30:18 UTC</createdTime>
<ownerDesignName>TP2</ownerDesignName>
<engineerTo>
<item key="FBD27923-5137-9763-F975-982D7F5E5C15" value="true"/>
</engineerTo>
<useDomainConstraints>false</useDomainConstraints>
<use>1</use>
<logicalDatatype>LOGDT011</logicalDatatype>
<ownDataTypeParameters>,,</ownDataTypeParameters>
</Attribute>
<Attribute name="Categorie" id="CC8391EE-31C3-6148-5DA6-E811F3FF08E4">
<createdBy>ngngs</createdBy>
<createdTime>2025-05-07 21:31:45 UTC</createdTime>
<ownerDesignName>TP2</ownerDesignName>
<engineerTo>
<item key="FBD27923-5137-9763-F975-982D7F5E5C15" value="true"/>
</engineerTo>
<useDomainConstraints>false</useDomainConstraints>
<use>1</use>
<logicalDatatype>LOGDT024</logicalDatatype>
<dataTypeSize>255</dataTypeSize>
<ownDataTypeParameters>255,,</ownDataTypeParameters>
</Attribute>
</attributes>
<identifiers itemClass="oracle.dbtools.crest.model.design.logical.CandidateKey">
<identifier id="35A8D51F-91FA-587D-BE2F-DEF26546AF72" name="Produit PK">
<createdBy>ngngs</createdBy>
<createdTime>2025-05-07 21:31:13 UTC</createdTime>
<ownerDesignName>TP2</ownerDesignName>
<engineerTo>
<item key="FBD27923-5137-9763-F975-982D7F5E5C15" value="true"/>
</engineerTo>
<pk>true</pk>
<usedAttributes>
<attributeRef>FB671C79-5D05-753C-CA4D-6375B1BAD785</attributeRef>
</usedAttributes>
</identifier>
</identifiers>
</Entity>