<?xml version = '1.0' encoding = 'UTF-8'?>
<Entity class="oracle.dbtools.crest.model.design.logical.Entity" directorySegmentName="seg_0" id="63E391C3-8432-5BB6-551E-1DA992966F59" name="Commande">
<createdBy>ngngs</createdBy>
<createdTime>2025-05-07 21:28:53 UTC</createdTime>
<ownerDesignName>TP2</ownerDesignName>
<engineerTo>
<item key="FBD27923-5137-9763-F975-982D7F5E5C15" value="true"/>
</engineerTo>
<adequatelyNormalized>NO</adequatelyNormalized>
<expectedVolumes>0</expectedVolumes>
<fwdEngineeringStrategyName>Single Table</fwdEngineeringStrategyName>
<growthPercent>0</growthPercent>
<growthType>Year</growthType>
<maxVolumes>9999999</maxVolumes>
<minVolumes>0</minVolumes>
<normalForm>Third</normalForm>
<attributes itemClass="oracle.dbtools.crest.model.design.logical.Attribute">
<Attribute name="id_commande" id="91A694AA-382A-A6C3-0602-9948963031BF">
<createdBy>ngngs</createdBy>
<createdTime>2025-05-07 21:29:00 UTC</createdTime>
<ownerDesignName>TP2</ownerDesignName>
<engineerTo>
<item key="FBD27923-5137-9763-F975-982D7F5E5C15" value="true"/>
</engineerTo>
<useDomainConstraints>false</useDomainConstraints>
<use>1</use>
<logicalDatatype>LOGDT019</logicalDatatype>
<ownDataTypeParameters>,,</ownDataTypeParameters>
</Attribute>
<Attribute name="date_commande" id="0C6AB0E7-3A66-0DAB-819F-E188E9409509">
<createdBy>ngngs</createdBy>
<createdTime>2025-05-07 21:29:00 UTC</createdTime>
<ownerDesignName>TP2</ownerDesignName>
<engineerTo>
<item key="FBD27923-5137-9763-F975-982D7F5E5C15" value="true"/>
</engineerTo>
<useDomainConstraints>false</useDomainConstraints>
<use>1</use>
<logicalDatatype>LOGDT008</logicalDatatype>
<ownDataTypeParameters>,,</ownDataTypeParameters>
</Attribute>
<Attribute name="Quantite" id="26B3E47D-B444-8F6D-879E-A5C6A01C8B3C">
<createdBy>ngngs</createdBy>
<createdTime>2025-05-07 21:29:01 UTC</createdTime>
<ownerDesignName>TP2</ownerDesignName>
<engineerTo>
<item key="FBD27923-5137-9763-F975-982D7F5E5C15" value="true"/>
</engineerTo>
<useDomainConstraints>false</useDomainConstraints>
<use>1</use>
<logicalDatatype>LOGDT011</logicalDatatype>
<ownDataTypeParameters>,,</ownDataTypeParameters>
</Attribute>
<Attribute name="Prix" id="FBF67707-AA50-5A1E-7AA6-191EA6E7921C">
<createdBy>ngngs</createdBy>
<createdTime>2025-05-07 21:29:01 UTC</createdTime>
<ownerDesignName>TP2</ownerDesignName>
<engineerTo>
<item key="FBD27923-5137-9763-F975-982D7F5E5C15" value="true"/>
</engineerTo>
<useDomainConstraints>false</useDomainConstraints>
<use>1</use>
<logicalDatatype>LOGDT043</logicalDatatype>
<ownDataTypeParameters>,,</ownDataTypeParameters>
</Attribute>
<Attribute name="id_client" id="F9B39428-0227-B008-7DDC-A327A6E57BBB">
<createdBy>ngngs</createdBy>
<createdTime>2025-05-07 21:32:22 UTC</createdTime>
<generatorID>4A3DBCC5-5BA0-1141-23AA-D1240D65A85C</generatorID>
<ownerDesignName>TP2</ownerDesignName>
<engineerTo>
<item key="FBD27923-5137-9763-F975-982D7F5E5C15" value="true"/>
</engineerTo>
<referedAttribute>6D96A05C-0ED9-3F8C-F147-3E361A54AEC2</referedAttribute>
<useDomainConstraints>false</useDomainConstraints>
<use>1</use>
<logicalDatatype>LOGDT019</logicalDatatype>
<ownDataTypeParameters>,,</ownDataTypeParameters>
</Attribute>
<Attribute name="id_produit" id="0872F503-AAC5-EE18-ECCF-370832FA1E95">
<createdBy>ngngs</createdBy>
<createdTime>2025-05-07 21:33:24 UTC</createdTime>
<generatorID>9E2CFC30-304A-89F4-8D1F-5418D57AF906</generatorID>
<ownerDesignName>TP2</ownerDesignName>
<engineerTo>
<item key="FBD27923-5137-9763-F975-982D7F5E5C15" value="true"/>
</engineerTo>
<referedAttribute>FB671C79-5D05-753C-CA4D-6375B1BAD785</referedAttribute>
<useDomainConstraints>false</useDomainConstraints>
<use>1</use>
<logicalDatatype>LOGDT019</logicalDatatype>
<ownDataTypeParameters>,,</ownDataTypeParameters>
</Attribute>
</attributes>
<identifiers itemClass="oracle.dbtools.crest.model.design.logical.CandidateKey">
<identifier id="871F949B-9FB4-A9A5-1CA6-644A15204174" name="Commande PK">
<createdBy>ngngs</createdBy>
<createdTime>2025-05-07 21:29:14 UTC</createdTime>
<ownerDesignName>TP2</ownerDesignName>
<engineerTo>
<item key="FBD27923-5137-9763-F975-982D7F5E5C15" value="true"/>
</engineerTo>
<pk>true</pk>
<usedAttributes>
<attributeRef>91A694AA-382A-A6C3-0602-9948963031BF</attributeRef>
</usedAttributes>
</identifier>
</identifiers>
</Entity>