<?xml version = '1.0' encoding = 'UTF-8'?>
<Entity class="oracle.dbtools.crest.model.design.logical.Entity" directorySegmentName="seg_0" id="88AF0CCD-E3B0-526C-AA29-8BB21C7A74EA" name="Client">
<createdBy>ngngs</createdBy>
<createdTime>2025-05-07 21:26:46 UTC</createdTime>
<ownerDesignName>TP2</ownerDesignName>
<engineerTo>
<item key="FBD27923-5137-9763-F975-982D7F5E5C15" value="true"/>
</engineerTo>
<adequatelyNormalized>NO</adequatelyNormalized>
<expectedVolumes>0</expectedVolumes>
<fwdEngineeringStrategyName>Single Table</fwdEngineeringStrategyName>
<growthPercent>0</growthPercent>
<growthType>Year</growthType>
<maxVolumes>9999999</maxVolumes>
<minVolumes>0</minVolumes>
<normalForm>Third</normalForm>
<attributes itemClass="oracle.dbtools.crest.model.design.logical.Attribute">
<Attribute name="id_client" id="6D96A05C-0ED9-3F8C-F147-3E361A54AEC2">
<createdBy>ngngs</createdBy>
<createdTime>2025-05-07 21:26:53 UTC</createdTime>
<ownerDesignName>TP2</ownerDesignName>
<engineerTo>
<item key="FBD27923-5137-9763-F975-982D7F5E5C15" value="true"/>
</engineerTo>
<useDomainConstraints>false</useDomainConstraints>
<use>1</use>
<logicalDatatype>LOGDT019</logicalDatatype>
<ownDataTypeParameters>,,</ownDataTypeParameters>
</Attribute>
<Attribute name="nom" id="0762CB91-1F07-3302-2E8A-DCEDC5460AEA">
<createdBy>ngngs</createdBy>
<createdTime>2025-05-07 21:26:53 UTC</createdTime>
<ownerDesignName>TP2</ownerDesignName>
<engineerTo>
<item key="FBD27923-5137-9763-F975-982D7F5E5C15" value="true"/>
</engineerTo>
<useDomainConstraints>false</useDomainConstraints>
<use>1</use>
<logicalDatatype>LOGDT024</logicalDatatype>
<dataTypeSize>255</dataTypeSize>
<ownDataTypeParameters>255,,</ownDataTypeParameters>
</Attribute>
<Attribute name="email" id="3BB1C264-8FAB-E219-5E56-832323C8CADD">
<createdBy>ngngs</createdBy>
<createdTime>2025-05-07 21:26:53 UTC</createdTime>
<ownerDesignName>TP2</ownerDesignName>
<engineerTo>
<item key="FBD27923-5137-9763-F975-982D7F5E5C15" value="true"/>
</engineerTo>
<useDomainConstraints>false</useDomainConstraints>
<use>1</use>
<logicalDatatype>LOGDT024</logicalDatatype>
<dataTypeSize>255</dataTypeSize>
<ownDataTypeParameters>255,,</ownDataTypeParameters>
</Attribute>
</attributes>
<identifiers itemClass="oracle.dbtools.crest.model.design.logical.CandidateKey">
<identifier id="3B1723FD-2F3D-C791-8D8F-593355B5510A" name="Client PK">
<createdBy>ngngs</createdBy>
<createdTime>2025-05-07 21:27:05 UTC</createdTime>
<ownerDesignName>TP2</ownerDesignName>
<engineerTo>
<item key="FBD27923-5137-9763-F975-982D7F5E5C15" value="true"/>
</engineerTo>
<pk>true</pk>
<usedAttributes>
<attributeRef>6D96A05C-0ED9-3F8C-F147-3E361A54AEC2</attributeRef>
</usedAttributes>
</identifier>
</identifiers>
</Entity>