<?xml version = '1.0' encoding = 'UTF-8'?>
<Entity class="oracle.dbtools.crest.model.design.logical.Entity" directorySegmentName="seg_0" id="D0925721-7590-180D-F416-61A0896D92AF" name="Panier">
<createdBy>ngngs</createdBy>
<createdTime>2025-05-07 21:27:56 UTC</createdTime>
<ownerDesignName>TP2</ownerDesignName>
<engineerTo>
<item key="FBD27923-5137-9763-F975-982D7F5E5C15" value="true"/>
</engineerTo>
<adequatelyNormalized>NO</adequatelyNormalized>
<expectedVolumes>0</expectedVolumes>
<fwdEngineeringStrategyName>Single Table</fwdEngineeringStrategyName>
<growthPercent>0</growthPercent>
<growthType>Year</growthType>
<maxVolumes>9999999</maxVolumes>
<minVolumes>0</minVolumes>
<normalForm>Third</normalForm>
<attributes itemClass="oracle.dbtools.crest.model.design.logical.Attribute">
<Attribute name="id_panier" id="D1C85419-94DF-10EF-836A-497B0C098A42">
<createdBy>ngngs</createdBy>
<createdTime>2025-05-07 21:28:02 UTC</createdTime>
<ownerDesignName>TP2</ownerDesignName>
<engineerTo>
<item key="FBD27923-5137-9763-F975-982D7F5E5C15" value="true"/>
</engineerTo>
<useDomainConstraints>false</useDomainConstraints>
<use>1</use>
<logicalDatatype>LOGDT019</logicalDatatype>
<ownDataTypeParameters>,,</ownDataTypeParameters>
</Attribute>
<Attribute name="Quantite" id="4D174F65-6DFF-B29D-39CE-070A6DF3E76F">
<createdBy>ngngs</createdBy>
<createdTime>2025-05-07 21:28:02 UTC</createdTime>
<ownerDesignName>TP2</ownerDesignName>
<engineerTo>
<item key="FBD27923-5137-9763-F975-982D7F5E5C15" value="true"/>
</engineerTo>
<useDomainConstraints>false</useDomainConstraints>
<use>1</use>
<logicalDatatype>LOGDT011</logicalDatatype>
<ownDataTypeParameters>,,</ownDataTypeParameters>
</Attribute>
<Attribute name="id_client" id="2129D415-26D6-8728-6680-D3F3EF446069">
<createdBy>ngngs</createdBy>
<createdTime>2025-05-07 21:33:40 UTC</createdTime>
<generatorID>E0903CA8-CB12-18F1-EBF9-84A61B400E8B</generatorID>
<ownerDesignName>TP2</ownerDesignName>
<engineerTo>
<item key="FBD27923-5137-9763-F975-982D7F5E5C15" value="true"/>
</engineerTo>
<referedAttribute>6D96A05C-0ED9-3F8C-F147-3E361A54AEC2</referedAttribute>
<useDomainConstraints>false</useDomainConstraints>
<use>1</use>
<logicalDatatype>LOGDT019</logicalDatatype>
<ownDataTypeParameters>,,</ownDataTypeParameters>
</Attribute>
<Attribute name="id_commande" id="F34D353D-6267-A343-5CA7-972B302734F1">
<createdBy>ngngs</createdBy>
<createdTime>2025-05-07 21:34:17 UTC</createdTime>
<generatorID>6B3D16E2-D3F6-D053-A504-E53D8DE79E96</generatorID>
<ownerDesignName>TP2</ownerDesignName>
<engineerTo>
<item key="FBD27923-5137-9763-F975-982D7F5E5C15" value="true"/>
</engineerTo>
<referedAttribute>91A694AA-382A-A6C3-0602-9948963031BF</referedAttribute>
<useDomainConstraints>false</useDomainConstraints>
<use>1</use>
<logicalDatatype>LOGDT019</logicalDatatype>
<ownDataTypeParameters>,,</ownDataTypeParameters>
</Attribute>
</attributes>
<identifiers itemClass="oracle.dbtools.crest.model.design.logical.CandidateKey">
<identifier id="AE577F68-5E1B-0F05-1E7A-C21C2539C957" name="Panier PK">
<createdBy>ngngs</createdBy>
<createdTime>2025-05-07 21:28:16 UTC</createdTime>
<ownerDesignName>TP2</ownerDesignName>
<engineerTo>
<item key="FBD27923-5137-9763-F975-982D7F5E5C15" value="true"/>
</engineerTo>
<pk>true</pk>
<usedAttributes>
<attributeRef>D1C85419-94DF-10EF-836A-497B0C098A42</attributeRef>
</usedAttributes>
</identifier>
</identifiers>
</Entity>